{"train/episode_length":501,"_step":2500,"eval/steps_per_second":0,"train/elapsed_time":646.2173562049866,"eval/episode_reward":5.439898490905762,"eval/elapsed_time":645.4055533409119,"eval/episode_success":0,"eval/episode_length":500,"eval/episode":0,"train/episode_terminated":0,"eval/step":0,"train/step":2500,"videos/eval_video":{"width":384,"height":384,"_type":"video-file","sha256":"75417550794848b330dd537d3f9bd7ffcb1988cfc829a77589d6369cd2cf26e9","size":255253,"path":"media/videos/videos/eval_video_0_75417550794848b330dd.mp4"},"_runtime":647.459870052,"train/episode_reward":6.041945457458496,"train/steps_per_second":3.868667370188948,"_wandb":{"runtime":647},"train/episode_success":0,"_timestamp":1.7644144798578625e+09,"train/episode":4}