{"train/episode_terminated":0,"train/termination_loss":0,"eval/episode":0,"train/grad_norm":1.212526798248291,"train/value_loss":0.37444332242012024,"train/total_loss":12.69666862487793,"train/episode_success":0,"_wandb":{"runtime":1497},"train/pi_scaled_entropy":123.30670166015625,"train/episode":5,"_runtime":1497.893248689,"eval/elapsed_time":607.62362241745,"train/step":3000,"videos/eval_video":{"height":384,"_type":"video-file","sha256":"bad70da0b4268f419874b083112839c2328555e7c65e5b831dfeaadf4a67b5ab","size":283813,"path":"media/videos/videos/eval_video_0_bad70da0b4268f419874.mp4","width":384},"eval/episode_length":500,"train/elapsed_time":1357.7688705921173,"train/reward_loss":0.09144702553749084,"_step":3000,"eval/step":0,"_timestamp":1.7606493830990932e+09,"train/episode_reward":9.02475643157959,"eval/steps_per_second":0,"train/consistency_loss":0.6325039863586426,"train/pi_loss":-0.16819053888320923,"train/steps_per_second":2.209507129657283,"train/episode_length":501,"eval/episode_success":0,"train/pi_entropy":-62.26514434814453,"train/pi_scale":1,"train/pi_grad_norm":3.084016134380363e-05,"eval/episode_reward":3.1936769485473633}