step,episode_reward
0.0,5.788716793060303
5000.0,44.48149490356445
10000.0,45.830116271972656
15000.0,83.99836730957031
20000.0,69.2607421875
25000.0,46.05377197265625
30000.0,53.558448791503906
35000.0,24.964706420898438
40000.0,47.194156646728516
45000.0,45.872074127197266
50000.0,54.30767822265625
55000.0,53.76823043823242
60000.0,50.40812301635742
