step,episode_reward
0.0,2.6573686599731445
5000.0,31.256317138671875
10000.0,90.5638656616211
15000.0,93.92356872558594
20000.0,173.9979705810547
25000.0,309.1400451660156
30000.0,216.8122100830078
35000.0,110.5721206665039
40000.0,291.45550537109375
45000.0,368.34722900390625
50000.0,444.8114318847656
55000.0,398.67706298828125
60000.0,374.64056396484375
65000.0,268.7569274902344
