{"eval/elapsed_time":31861.33318543434,"eval/step":65000,"train/pi_entropy":-58.53960418701172,"eval/steps_per_second":2.0400904011673706,"train/steps_per_second":2.0631336926812667,"_runtime":32770.366446136,"_step":67500,"eval/episode_success":0,"train/episode_success":0,"train/episode_reward":138.9308624267578,"train/grad_norm":0.11348140984773636,"eval/episode_length":500,"train/termination_loss":0,"_wandb":{"runtime":32770},"videos/eval_video":{"size":496837,"path":"media/videos/videos/eval_video_64500_0577dbe842e4aed2855e.mp4","width":384,"height":384,"_type":"video-file","sha256":"0577dbe842e4aed2855eb3a1517346a0e4b544382a034c5d6c98b8e8e7fb9748"},"train/episode_length":501,"train/consistency_loss":0.32973894476890564,"train/step":67500,"_timestamp":1.7609086472555816e+09,"train/pi_loss":-0.5798054337501526,"train/pi_grad_norm":0.03692668676376343,"train/pi_scale":57.67789077758789,"train/pi_scaled_entropy":123.16519165039062,"train/value_loss":0.23501616716384888,"eval/episode_reward":268.7569274902344,"train/elapsed_time":32717.22052693367,"train/episode_terminated":0,"train/reward_loss":0.26503753662109375,"eval/episode":129,"train/total_loss":6.644783973693848,"train/episode":134}