{"train/elapsed_time":624.3000569343567,"train/episode_success":0,"_step":2500,"_timestamp":1.7607278853785224e+09,"eval/episode_reward":2.6573686599731445,"eval/episode":0,"train/episode_length":501,"train/steps_per_second":4.00448465802858,"train/step":2500,"eval/episode_length":500,"_wandb":{"runtime":648},"eval/step":0,"train/episode":4,"eval/elapsed_time":623.5016100406647,"eval/episode_success":0,"train/episode_terminated":0,"_runtime":648.764886122,"videos/eval_video":{"path":"media/videos/videos/eval_video_0_ef3c2701e712d30aaaed.mp4","width":384,"height":384,"_type":"video-file","sha256":"ef3c2701e712d30aaaedbe09e55ef700bc7dda3c5c557077cf6e099d92bee091","size":298589},"eval/steps_per_second":0,"train/episode_reward":6.868725299835205}