{"train/episode_success":0,"train/step":2500,"train/steps_per_second":3.868931283452978,"train/episode_terminated":0,"_wandb":{"runtime":677},"eval/episode_reward":3.1936769485473633,"train/episode_reward":6.008457183837891,"train/episode_length":501,"eval/episode_success":0,"eval/steps_per_second":0,"_step":2500,"eval/episode_length":500,"train/episode":4,"train/elapsed_time":646.1732754707336,"eval/step":0,"_timestamp":1.760646659917659e+09,"videos/eval_video":{"_type":"video-file","sha256":"0af6a64982300fc1c42b0c45961bcca7f8930340724751884ee1de2e5690e891","size":284394,"path":"media/videos/videos/eval_video_0_0af6a64982300fc1c42b.mp4","width":384,"height":384},"eval/elapsed_time":645.2603340148926,"_runtime":677.730094411,"eval/episode":0}