{"videos/eval_video":{"size":221622,"path":"media/videos/videos/eval_video_0_2aa9b58a9749af628b91.mp4","width":384,"height":384,"_type":"video-file","sha256":"2aa9b58a9749af628b91c696d4eff7b126f3d5e87ba23d2d7178b1643b177ad6"},"_timestamp":1.7652081631302023e+09,"train/episode_terminated":0,"train/episode_success":0,"train/elapsed_time":1081.388266801834,"_runtime":1198.935267927,"_wandb":{"runtime":1198},"eval/episode":0,"_step":2500,"train/episode_length":501,"eval/episode_reward":3.9535090923309326,"eval/step":0,"eval/elapsed_time":1080.5227086544037,"eval/episode_success":0,"eval/steps_per_second":0,"train/steps_per_second":2.3118430972010247,"eval/episode_length":500,"train/step":2500,"train/episode":4,"train/episode_reward":10.036367416381836}