{"eval/episode_reward":2.6573686599731445,"eval/episode_length":500,"train/step":17000,"train/steps_per_second":2.666938046014627,"train/episode":33,"train/elapsed_time":6374.351299762726,"eval/episode":0,"eval/step":0,"train/reward_loss":0.2467186450958252,"train/pi_entropy":-56.336219787597656,"train/grad_norm":0.19507664442062378,"train/consistency_loss":0.3596690893173218,"_runtime":6547.864943826,"train/termination_loss":0,"train/pi_grad_norm":0.013064681552350521,"_wandb":{"runtime":6547},"_timestamp":1.7607103105294313e+09,"train/episode_success":0,"train/total_loss":7.245737075805664,"train/pi_scale":8.446931838989258,"train/episode_reward":159.4623565673828,"_step":17000,"train/pi_scaled_entropy":122.14176940917969,"eval/episode_success":0,"eval/steps_per_second":0,"train/episode_length":501,"videos/eval_video":{"_type":"video-file","sha256":"3124b8dfff42a2305890c05a2c53179a8a7229fe2697525e2bc3e676449c0fd6","size":298155,"path":"media/videos/videos/eval_video_0_3124b8dfff42a2305890.mp4","width":384,"height":384},"eval/elapsed_time":621.0144617557526,"train/episode_terminated":0,"train/pi_loss":-1.2551807165145874,"train/value_loss":0.2768317759037018}