{"train/episode_terminated":0,"eval/episode":0,"train/episode_length":501,"_step":2500,"train/elapsed_time":615.2853729724884,"eval/episode_reward":2.6573686599731445,"train/episode_success":0,"train/episode_reward":4.292867660522461,"eval/step":0,"eval/steps_per_second":0,"train/steps_per_second":4.063155260659486,"_wandb":{"runtime":639},"train/episode":4,"_timestamp":1.7607255037258835e+09,"videos/eval_video":{"height":384,"_type":"video-file","sha256":"17f03e31e152d1b7bf9fefbb73c6e54927872e3b20f0fa7fd9d5c777036d4f51","size":298513,"path":"media/videos/videos/eval_video_0_17f03e31e152d1b7bf9f.mp4","width":384},"eval/elapsed_time":614.4744482040405,"eval/episode_success":0,"train/step":2500,"_runtime":639.652634049,"eval/episode_length":500}