{"_wandb":{"runtime":965},"train/elapsed_time":963.8106527328491,"train/episode_length":501,"_runtime":965.286099479,"eval/step":0,"eval/episode_length":500,"videos/eval_video":{"_type":"video-file","sha256":"a4fc6ccffa32f26b646f8aab50eebda5749defe690aad2b8b613d347b959ad45","size":221009,"path":"media/videos/videos/eval_video_0_a4fc6ccffa32f26b646f.mp4","width":384,"height":384},"_timestamp":1.7652039228805017e+09,"train/steps_per_second":2.593870479550463,"eval/episode_reward":3.9535090923309326,"train/episode_success":0,"eval/episode":0,"train/episode_reward":5.584160804748535,"train/step":2500,"train/episode":4,"_step":2500,"train/episode_terminated":0,"eval/episode_success":0,"eval/steps_per_second":0,"eval/elapsed_time":962.9986953735352}