step,episode_reward
0.0,5.668279647827148
5000.0,22.60418128967285
10000.0,23.479047775268555
15000.0,42.653533935546875
20000.0,80.5081558227539
25000.0,46.64380645751953
30000.0,26.474590301513672
35000.0,31.818201065063477
