{"eval/step":0,"eval/episode_length":500,"train/step":2500,"eval/elapsed_time":648.3177266120911,"eval/episode":0,"_wandb":{"runtime":650},"videos/eval_video":{"sha256":"505de64e457a4dcd969c948e883a15b308fe047571b73e81df0ba4cf593643de","size":255828,"path":"media/videos/videos/eval_video_0_505de64e457a4dcd969c.mp4","width":384,"height":384,"_type":"video-file"},"train/steps_per_second":3.8510579155701925,"train/episode":4,"train/episode_reward":8.31956672668457,"eval/episode_reward":5.439898490905762,"train/episode_length":501,"_runtime":650.556503854,"train/episode_success":0,"_timestamp":1.7644165963216846e+09,"_step":2500,"eval/episode_success":0,"train/elapsed_time":649.1722676753998,"eval/steps_per_second":0,"train/episode_terminated":0}