step,episode_reward
0.0,5.90963077545166
5000.0,42.60594940185547
10000.0,46.097286224365234
15000.0,28.958633422851562
20000.0,117.9615249633789
25000.0,26.063404083251953
30000.0,30.57061195373535
35000.0,55.724937438964844
