{"eval/episode_length":500,"videos/eval_video":{"path":"media/videos/videos/eval_video_0_541d4db08ed30c304127.mp4","width":384,"height":384,"_type":"video-file","sha256":"541d4db08ed30c304127c7f82b27df2e6006f5b80b7ebe15d7241cf142795dd5","size":284042},"eval/episode":0,"_wandb":{"runtime":635},"train/episode":4,"train/episode_length":501,"train/episode_terminated":0,"train/elapsed_time":611.2698321342468,"eval/steps_per_second":0,"_runtime":635.487084695,"eval/step":0,"eval/elapsed_time":610.4630074501038,"_timestamp":1.760647461070745e+09,"train/step":2500,"train/episode_reward":11.21827220916748,"_step":2500,"eval/episode_reward":3.1936769485473633,"train/steps_per_second":4.089846854164645,"train/episode_success":0,"eval/episode_success":0}