{"eval/episode_success":0,"eval/steps_per_second":0,"train/episode_length":501,"train/steps_per_second":0.07362344589295516,"videos/eval_video":{"path":"media/videos/videos/eval_video_0_020864607120b8e9d6ff.mp4","width":384,"height":384,"_type":"video-file","sha256":"020864607120b8e9d6ff9e809da298ceec282a89732091ebd39b0610fb5aefb4","size":260084},"_wandb":{"runtime":33959},"train/step":2500,"train/elapsed_time":33956.57415485382,"_timestamp":1.7647276701562488e+09,"eval/episode_reward":5.701211452484131,"train/episode_reward":4.984983444213867,"eval/episode_length":500,"_runtime":33959.555612482,"_step":2500,"eval/elapsed_time":33955.7553460598,"train/episode":4,"eval/step":0,"train/episode_success":0,"eval/episode":0,"train/episode_terminated":0}