{"train/pi_scale":16.998741149902344,"train/grad_norm":0.16466692090034485,"train/steps_per_second":2.8008604649296083,"train/step":34500,"train/pi_scaled_entropy":123.19566345214844,"eval/episode_length":500,"_step":34500,"_runtime":12439.397745763,"train/episode_success":0,"_timestamp":1.760740618536235e+09,"_wandb":{"runtime":12439},"train/termination_loss":0,"eval/episode_reward":2.6573686599731445,"train/total_loss":7.4447784423828125,"train/reward_loss":0.2576385736465454,"train/episode":68,"train/value_loss":0.18194328248500824,"train/episode_length":501,"eval/episode":0,"train/episode_terminated":0,"eval/episode_success":0,"videos/eval_video":{"sha256":"8cc66e2ee06d08c8f1e02a72a3b04ca8baf6f747fb850d444ccef6b06561bd7b","size":298625,"path":"media/videos/videos/eval_video_0_8cc66e2ee06d08c8f1e0.mp4","width":384,"height":384,"_type":"video-file"},"eval/steps_per_second":0,"train/pi_loss":-1.409101963043213,"train/pi_grad_norm":0.008454644121229649,"eval/step":0,"train/pi_entropy":-59.344791412353516,"train/consistency_loss":0.37004101276397705,"eval/elapsed_time":620.2842252254486,"train/elapsed_time":12317.643249988556,"train/episode_reward":238.24282836914062}