{"_step":18000,"train/episode_success":0,"train/pi_loss":-0.9307108521461487,"eval/elapsed_time":599.9246120452881,"train/episode_reward":158.0404510498047,"train/consistency_loss":0.36979931592941284,"train/pi_entropy":-57.331565856933594,"train/elapsed_time":6501.373971939087,"train/grad_norm":0.23213213682174683,"_runtime":6512.15909029,"train/pi_grad_norm":0.013224704191088676,"train/pi_scaled_entropy":120.5080337524414,"train/reward_loss":0.25003570318222046,"train/total_loss":7.442339897155762,"train/steps_per_second":2.768645532112246,"eval/episode_length":500,"train/pi_scale":13.19844913482666,"eval/episode":0,"videos/eval_video":{"width":384,"height":384,"_type":"video-file","sha256":"650da1d8b1a6a7df18af8b7f5cdafac1cd930cf54ab23742fc0af547664827aa","size":298490,"path":"media/videos/videos/eval_video_0_650da1d8b1a6a7df18af.mp4"},"_timestamp":1.7606577795936081e+09,"train/value_loss":0.21349886059761047,"train/episode_length":501,"_wandb":{"runtime":6512},"eval/steps_per_second":0,"train/episode_terminated":0,"eval/episode_success":0,"train/step":18000,"train/termination_loss":0,"eval/episode_reward":2.6573686599731445,"train/episode":35,"eval/step":0}