{"videos/eval_video":{"width":384,"height":384,"_type":"video-file","sha256":"35b24ecefc71365cd6b5e550c432db40832dfddb0f87ddac72135102ba471eed","size":262730,"path":"media/videos/videos/eval_video_0_35b24ecefc71365cd6b5.mp4"},"eval/episode_success":0,"train/episode_reward":5.524330139160156,"train/episode_length":501,"eval/elapsed_time":2000.5614802837372,"train/step":2500,"_runtime":2002.797681718,"train/steps_per_second":1.2491422082550425,"eval/episode_length":500,"_step":2500,"train/episode_success":0,"_wandb":{"runtime":2002},"eval/steps_per_second":0,"train/episode_terminated":0,"eval/episode_reward":5.90963077545166,"train/elapsed_time":2001.3734092712402,"eval/episode":0,"_timestamp":1.7658944330196528e+09,"train/episode":4,"eval/step":0}