{"eval/episode_length":500,"_wandb":{"runtime":1946},"train/episode_terminated":0,"_runtime":1946.411285395,"eval/episode":0,"eval/step":0,"_timestamp":1.7658820313652947e+09,"train/steps_per_second":1.2874081054937632,"eval/episode_reward":5.90963077545166,"eval/elapsed_time":1941.026112794876,"train/episode":4,"_step":2500,"eval/episode_success":0,"train/step":2500,"eval/steps_per_second":0,"train/episode_reward":9.027271270751953,"train/episode_length":501,"train/episode_success":0,"train/elapsed_time":1941.8861737251282,"videos/eval_video":{"sha256":"5c0d29f0c426c7ebb6e048e77dc9a985482619fe9dfcd99d6d9df1992e8845ba","size":263147,"path":"media/videos/videos/eval_video_0_5c0d29f0c426c7ebb6e0.mp4","width":384,"height":384,"_type":"video-file"}}