{"videos/eval_video":{"height":384,"_type":"video-file","sha256":"21ede86e488949555616332eb70ef09d99841cba0134d694d3f8fc72c2a212ea","size":298666,"path":"media/videos/videos/eval_video_0_21ede86e488949555616.mp4","width":384},"train/total_loss":7.711333751678467,"train/steps_per_second":2.6459373431426876,"train/consistency_loss":0.383134663105011,"train/reward_loss":0.2305872142314911,"eval/step":0,"_runtime":5934.880635173,"eval/episode":0,"train/episode":30,"train/episode_success":0,"train/episode_reward":113.9267578125,"train/grad_norm":0.1487412303686142,"train/elapsed_time":5858.037432432175,"train/termination_loss":0,"_wandb":{"runtime":5934},"eval/episode_success":0,"train/step":15500,"train/pi_entropy":-56.51215744018555,"train/episode_length":501,"train/pi_scale":13.773514747619629,"eval/elapsed_time":603.0809090137482,"eval/steps_per_second":0,"eval/episode_length":500,"train/value_loss":0.25581640005111694,"train/pi_scaled_entropy":123.0949478149414,"train/pi_loss":-0.6169520616531372,"_step":15500,"train/episode_terminated":0,"train/pi_grad_norm":0.00824575312435627,"_timestamp":1.7607169220490067e+09,"eval/episode_reward":2.6573686599731445}