{"eval/episode_success":0,"train/steps_per_second":2.668401769005707,"train/episode_success":0,"train/episode_reward":134.43128967285156,"videos/eval_video":{"width":384,"height":384,"_type":"video-file","sha256":"94d6ad3476f2f99946769d55b4d27ca160a2fca45d48b06de729c6bc37ef4187","size":298488,"path":"media/videos/videos/eval_video_0_94d6ad3476f2f9994676.mp4"},"train/value_loss":0.2692636251449585,"train/pi_scale":16.377416610717773,"train/episode":34,"eval/episode":0,"train/pi_loss":-0.6816334128379822,"train/episode_terminated":0,"eval/elapsed_time":618.721718788147,"train/episode_length":501,"eval/step":0,"train/step":17500,"eval/episode_reward":2.6573686599731445,"eval/episode_length":500,"train/elapsed_time":6558.232798099518,"train/consistency_loss":0.3626596927642822,"train/pi_entropy":-58.088043212890625,"train/total_loss":7.303129196166992,"_step":17500,"train/reward_loss":0.23008769750595093,"_runtime":6709.093089742,"_wandb":{"runtime":6709},"eval/steps_per_second":0,"train/pi_grad_norm":0.005774701479822397,"train/termination_loss":0,"train/pi_scaled_entropy":123.00288391113281,"train/grad_norm":0.09091103076934814,"_timestamp":1.760724026060754e+09}