{"eval/elapsed_time":582.0832159519196,"eval/episode_reward":5.439898490905762,"train/elapsed_time":582.9180788993835,"train/episode_terminated":0,"eval/step":0,"train/episode_length":501,"videos/eval_video":{"_type":"video-file","sha256":"14d237bfe56ba02e481ac815a544991209435ccd4c3ac3b33802c9b6a335a876","size":255572,"path":"media/videos/videos/eval_video_0_14d237bfe56ba02e481a.mp4","width":384,"height":384},"train/steps_per_second":4.28876730795567,"train/episode_reward":6.035883903503418,"train/episode_success":0,"_wandb":{"runtime":584},"_timestamp":1.7652808026785042e+09,"_runtime":584.295661445,"eval/episode_success":0,"train/step":2500,"eval/episode_length":500,"_step":2500,"eval/episode":0,"eval/steps_per_second":0,"train/episode":4}