{"train/step":2500,"eval/steps_per_second":0,"eval/episode_length":500,"eval/elapsed_time":9636.108473062515,"_runtime":9642.368812587,"train/episode_reward":3.8479135036468506,"train/elapsed_time":9637.11400771141,"eval/step":0,"_step":2500,"_timestamp":1.764269560668667e+09,"train/episode":4,"train/episode_terminated":0,"videos/eval_video":{"height":384,"_type":"video-file","sha256":"462b02303ab2abb565d29cb567ac6db00bde7a4dca9ebb28b84d7d47044d770a","size":273180,"path":"media/videos/videos/eval_video_0_462b02303ab2abb565d2.mp4","width":384},"eval/episode_reward":6.074483871459961,"train/steps_per_second":0.25941376204531297,"_wandb":{"runtime":9642},"eval/episode":0,"eval/episode_success":0,"train/episode_success":0,"train/episode_length":501}